[
    {
        "name": "اردبیل",
        "value": "استان اردبیل"
    },
    {
        "name": "اصفهان",
        "value": "استان اصفهان"
    },
    {
        "name": "البرز",
        "value": "استان البرز"
    },
    {
        "name": "ایلام",
        "value": "استان ایلام"
    },
    {
        "name": "آذربایجان شرقی",
        "value": "استان آذربایجان شرقی"
    },
    {
        "name": "آذربایجان غربی",
        "value": "استان آذربایجان غربی"
    },
    {
        "name": "بوشهر",
        "value": "استان بوشهر"
    },
    {
        "name": "تهران",
        "value": "استان تهران"
    },
    {
        "name": "چهارمحال و بختیاری",
        "value": "استان چهارمحال و بختیاری"
    },
    {
        "name": "خراسان جنوبی",
        "value": "استان خراسان جنوبی"
    },
    {
        "name": "خراسان رضوی",
        "value": "استان خراسان رضوی"
    },
    {
        "name": "خراسان شمالی",
        "value": "استان خراسان شمالی"
    },
    {
        "name": "خوزستان",
        "value": "استان خوزستان"
    },
    {
        "name": "زنجان",
        "value": "استان زنجان"
    },
    {
        "name": "سمنان",
        "value": "استان سمنان"
    },
    {
        "name": "سیستان و بلوچستان",
        "value": "استان سیستان و بلوچستان"
    },
    {
        "name": "فارس",
        "value": "استان فارس"
    },
    {
        "name": "قزوین",
        "value": "استان قزوین"
    },
    {
        "name": "قم",
        "value": "استان قم"
    },
    {
        "name": "کردستان",
        "value": "استان کردستان"
    },
    {
        "name": "کرمان",
        "value": "استان کرمان"
    },
    {
        "name": "کهگیلویه و بویر احمد",
        "value": "استان کهگیلویه و بویر احمد"
    },
    {
        "name": "کرمانشاه",
        "value": "استان کرمانشاه"
    },
    {
        "name": "گلستان",
        "value": "استان گلستان"
    },
    {
        "name": "گیلان",
        "value": "استان گیلان"
    },
    {
        "name": "لرستان",
        "value": "استان لرستان"
    },
    {
        "name": "مازندران",
        "value": "استان مازندران"
    },
    {
        "name": "مرکزی",
        "value": "استان مرکزی"
    },
    {
        "name": "هرمزگان",
        "value": "استان هرمزگان"
    },
    {
        "name": "همدان",
        "value": "استان همدان"
    },
    {
        "name": "یزد",
        "value": "استان یزد"
    }
]